Iteration; Energy; Damage
0; 99.900002; 0.000000
1; 99.800003; 0.000000
2; 99.700005; 0.000000
3; 99.600006; 0.000000
4; 99.500008; 0.000000
5; 99.400009; 0.000000
6; 99.300011; 0.000000
7; 99.200012; 0.000000
8; 99.100014; 0.000000
9; 99.000015; 0.000000
10; 98.900017; 0.000000
11; 98.800018; 0.000000
12; 98.700020; 5.000000
13; 98.600021; 10.000000
14; 98.500023; 10.000000
15; 98.400024; 10.000000
16; 98.300026; 15.000000
17; 98.200027; 20.000000
18; 98.100029; 20.000000
19; 98.000031; 20.000000
20; 97.900032; 20.000000
21; 97.800034; 20.000000
22; 97.700035; 20.000000
23; 97.600037; 20.000000
24; 97.500038; 20.000000
25; 97.400040; 20.000000
26; 97.300041; 20.000000
27; 97.200043; 20.000000
28; 97.100044; 20.000000
29; 97.000046; 20.000000
30; 96.900047; 20.000000
31; 96.800049; 20.000000
32; 96.700050; 20.000000
33; 96.600052; 20.000000
34; 96.500053; 20.000000
35; 96.400055; 20.000000
36; 96.300056; 20.000000
37; 96.200058; 20.000000
38; 96.100060; 20.000000
39; 96.000061; 20.000000
40; 95.900063; 20.000000
41; 95.800064; 20.000000
42; 95.700066; 20.000000
43; 95.600067; 20.000000
44; 95.500069; 20.000000
45; 95.400070; 20.000000
46; 95.300072; 20.000000
47; 95.200073; 20.000000
48; 95.100075; 20.000000
49; 95.000076; 20.000000
50; 94.900078; 20.000000
51; 94.800079; 20.000000
52; 94.700081; 20.000000
53; 94.600082; 20.000000
54; 94.500084; 20.000000
55; 94.400085; 20.000000
56; 94.300087; 20.000000
57; 94.200089; 20.000000
58; 94.100090; 20.000000
59; 94.000092; 20.000000
60; 93.900093; 20.000000
61; 93.800095; 20.000000
62; 93.700096; 20.000000
63; 93.600098; 20.000000
64; 93.500099; 20.000000
65; 93.400101; 20.000000
66; 93.300102; 20.000000
67; 93.200104; 20.000000
68; 93.100105; 20.000000
69; 93.000107; 20.000000
70; 92.900108; 20.000000
71; 92.800110; 20.000000
72; 92.700111; 20.000000
73; 92.600113; 20.000000
74; 92.500114; 20.000000
75; 92.400116; 20.000000
76; 92.300117; 20.000000
77; 92.200119; 20.000000
78; 92.100121; 20.000000
79; 92.000122; 20.000000
80; 91.900124; 20.000000
81; 91.800125; 20.000000
82; 91.700127; 20.000000
83; 91.600128; 20.000000
84; 91.500130; 20.000000
85; 91.400131; 20.000000
86; 91.300133; 20.000000
87; 91.200134; 20.000000
88; 91.100136; 20.000000
89; 91.000137; 20.000000
90; 90.900139; 20.000000
91; 90.800140; 20.000000
92; 90.700142; 20.000000
93; 90.600143; 20.000000
94; 90.500145; 20.000000
95; 90.400146; 20.000000
96; 90.300148; 20.000000
97; 90.200150; 20.000000
98; 90.100151; 20.000000
99; 90.000153; 20.000000
100; 89.900154; 20.000000
101; 89.800156; 20.000000
102; 89.700157; 20.000000
103; 89.600159; 20.000000
104; 89.500160; 20.000000
105; 89.400162; 20.000000
106; 89.300163; 20.000000
107; 89.200165; 20.000000
108; 89.100166; 20.000000
109; 89.000168; 20.000000
110; 88.900169; 20.000000
111; 88.800171; 20.000000
112; 88.700172; 20.000000
113; 88.600174; 20.000000
114; 88.500175; 20.000000
115; 88.400177; 20.000000
116; 88.300179; 20.000000
117; 88.200180; 20.000000
118; 88.100182; 20.000000
119; 88.000183; 20.000000
120; 87.900185; 20.000000
121; 87.800186; 20.000000
122; 87.700188; 20.000000
123; 87.600189; 20.000000
124; 87.500191; 20.000000
125; 87.400192; 20.000000
126; 87.300194; 20.000000
127; 87.200195; 20.000000
128; 87.100197; 20.000000
129; 87.000198; 20.000000
130; 86.900200; 20.000000
131; 86.800201; 20.000000
132; 86.700203; 20.000000
133; 86.600204; 20.000000
134; 86.500206; 20.000000
135; 86.400208; 20.000000
136; 86.300209; 20.000000
137; 86.200211; 20.000000
138; 86.100212; 20.000000
139; 86.000214; 20.000000
140; 85.900215; 20.000000
141; 85.800217; 20.000000
142; 85.700218; 20.000000
143; 85.600220; 20.000000
144; 85.500221; 20.000000
145; 85.400223; 20.000000
146; 85.300224; 20.000000
147; 85.200226; 20.000000
148; 85.100227; 20.000000
149; 85.000229; 20.000000
150; 84.900230; 20.000000
151; 84.800232; 20.000000
152; 84.700233; 20.000000
153; 84.600235; 20.000000
154; 84.500237; 20.000000
155; 84.400238; 20.000000
156; 84.300240; 20.000000
157; 84.200241; 20.000000
158; 84.100243; 20.000000
159; 84.000244; 20.000000
160; 83.900246; 20.000000
161; 83.800247; 20.000000
162; 83.700249; 20.000000
163; 83.600250; 20.000000
164; 83.500252; 20.000000
165; 83.400253; 20.000000
166; 83.300255; 20.000000
167; 83.200256; 20.000000
168; 83.100258; 20.000000
169; 83.000259; 20.000000
170; 82.900261; 20.000000
171; 82.800262; 20.000000
172; 82.700264; 20.000000
173; 82.600266; 20.000000
174; 82.500267; 20.000000
175; 82.400269; 20.000000
176; 82.300270; 20.000000
177; 82.200272; 20.000000
178; 82.100273; 20.000000
179; 82.000275; 20.000000
180; 81.900276; 20.000000
181; 81.800278; 20.000000
182; 81.700279; 20.000000
183; 81.600281; 20.000000
184; 81.500282; 20.000000
185; 81.400284; 20.000000
186; 81.300285; 20.000000
187; 81.200287; 20.000000
188; 81.100288; 20.000000
189; 81.000290; 20.000000
190; 80.900291; 20.000000
191; 80.800293; 20.000000
192; 80.700294; 20.000000
193; 80.600296; 20.000000
194; 80.500298; 20.000000
195; 80.400299; 20.000000
196; 80.300301; 20.000000
197; 80.200302; 20.000000
198; 80.100304; 20.000000
199; 80.000305; 20.000000
200; 79.900307; 20.000000
201; 79.800308; 20.000000
202; 79.700310; 20.000000
203; 79.600311; 20.000000
204; 79.500313; 20.000000
205; 79.400314; 20.000000
206; 79.300316; 20.000000
207; 79.200317; 20.000000
208; 79.100319; 20.000000
209; 79.000320; 20.000000
210; 78.900322; 20.000000
211; 78.800323; 20.000000
212; 78.700325; 20.000000
213; 78.600327; 20.000000
214; 78.500328; 20.000000
215; 78.400330; 20.000000
216; 78.300331; 20.000000
217; 78.200333; 20.000000
218; 78.100334; 20.000000
219; 78.000336; 20.000000
220; 77.900337; 20.000000
221; 77.800339; 20.000000
222; 77.700340; 20.000000
223; 77.600342; 20.000000
224; 77.500343; 20.000000
225; 77.400345; 20.000000
226; 77.300346; 20.000000
227; 77.200348; 20.000000
228; 77.100349; 20.000000
229; 77.000351; 20.000000
230; 76.900352; 20.000000
231; 76.800354; 20.000000
232; 76.700356; 20.000000
233; 76.600357; 20.000000
234; 76.500359; 20.000000
235; 76.400360; 20.000000
236; 76.300362; 20.000000
237; 76.200363; 20.000000
238; 76.100365; 20.000000
239; 76.000366; 20.000000
240; 75.900368; 20.000000
241; 75.800369; 20.000000
242; 75.700371; 20.000000
243; 75.600372; 20.000000
244; 75.500374; 20.000000
245; 75.400375; 20.000000
246; 75.300377; 20.000000
247; 75.200378; 20.000000
248; 75.100380; 20.000000
249; 75.000381; 20.000000
250; 74.900383; 20.000000
251; 74.800385; 20.000000
252; 74.700386; 20.000000
253; 74.600388; 20.000000
254; 74.500389; 20.000000
255; 74.400391; 20.000000
256; 74.300392; 20.000000
257; 74.200394; 20.000000
258; 74.100395; 20.000000
259; 74.000397; 20.000000
260; 73.900398; 20.000000
261; 73.800400; 20.000000
262; 73.700401; 20.000000
263; 73.600403; 20.000000
264; 73.500404; 20.000000
265; 73.400406; 20.000000
266; 73.300407; 20.000000
267; 73.200409; 20.000000
268; 73.100410; 20.000000
269; 73.000412; 20.000000
270; 72.900414; 20.000000
271; 72.800415; 20.000000
272; 72.700417; 20.000000
273; 72.600418; 20.000000
274; 72.500420; 20.000000
275; 72.400421; 20.000000
276; 72.300423; 20.000000
277; 72.200424; 20.000000
278; 72.100426; 20.000000
279; 72.000427; 20.000000
280; 71.900429; 20.000000
281; 71.800430; 20.000000
282; 71.700432; 20.000000
283; 71.600433; 20.000000
284; 71.500435; 20.000000
285; 71.400436; 20.000000
286; 71.300438; 20.000000
287; 71.200439; 20.000000
288; 71.100441; 20.000000
289; 71.000443; 20.000000
290; 70.900444; 20.000000
291; 70.800446; 20.000000
292; 70.700447; 20.000000
293; 70.600449; 20.000000
294; 70.500450; 20.000000
295; 70.400452; 20.000000
296; 70.300453; 20.000000
297; 70.200455; 20.000000
298; 70.100456; 20.000000
299; 70.000458; 20.000000
300; 69.900459; 20.000000
301; 69.800461; 20.000000
302; 69.700462; 20.000000
303; 69.600464; 20.000000
304; 69.500465; 20.000000
305; 69.400467; 20.000000
306; 69.300468; 20.000000
307; 69.200470; 20.000000
308; 69.100471; 20.000000
309; 69.000473; 20.000000
310; 68.900475; 20.000000
311; 68.800476; 20.000000
312; 68.700478; 20.000000
313; 68.600479; 20.000000
314; 68.500481; 20.000000
315; 68.400482; 20.000000
316; 68.300484; 20.000000
317; 68.200485; 20.000000
318; 68.100487; 20.000000
319; 68.000488; 20.000000
320; 67.900490; 20.000000
321; 67.800491; 20.000000
322; 67.700493; 20.000000
323; 67.600494; 20.000000
324; 67.500496; 20.000000
325; 67.400497; 20.000000
326; 67.300499; 20.000000
327; 67.200500; 20.000000
328; 67.100502; 20.000000
329; 67.000504; 20.000000
330; 66.900505; 20.000000
331; 66.800507; 20.000000
332; 66.700508; 20.000000
333; 66.600510; 20.000000
334; 66.500511; 20.000000
335; 66.400513; 20.000000
336; 66.300514; 20.000000
337; 66.200516; 20.000000
338; 66.100517; 20.000000
339; 66.000519; 20.000000
340; 65.900520; 20.000000
341; 65.800522; 20.000000
342; 65.700523; 20.000000
343; 65.600525; 20.000000
344; 65.500526; 20.000000
345; 65.400528; 20.000000
346; 65.300529; 20.000000
347; 65.200531; 20.000000
348; 65.100533; 20.000000
349; 65.000534; 20.000000
350; 64.900536; 20.000000
351; 64.800537; 20.000000
352; 64.700539; 20.000000
353; 64.600540; 20.000000
354; 64.500542; 20.000000
355; 64.400543; 20.000000
356; 64.300545; 20.000000
357; 64.200546; 20.000000
358; 64.100548; 20.000000
359; 64.000549; 20.000000
360; 63.900551; 20.000000
361; 63.800552; 20.000000
362; 63.700554; 20.000000
363; 63.600555; 20.000000
364; 63.500557; 20.000000
365; 63.400558; 20.000000
366; 63.300560; 20.000000
367; 63.200562; 20.000000
368; 63.100563; 20.000000
369; 63.000565; 20.000000
370; 62.900566; 20.000000
371; 62.800568; 20.000000
372; 62.700569; 20.000000
373; 62.600571; 20.000000
374; 62.500572; 20.000000
375; 62.400574; 20.000000
376; 62.300575; 20.000000
377; 62.200577; 20.000000
378; 62.100578; 20.000000
379; 62.000580; 20.000000
380; 61.900581; 20.000000
381; 61.800583; 20.000000
382; 61.700584; 20.000000
383; 61.600586; 20.000000
384; 61.500587; 20.000000
385; 61.400589; 20.000000
386; 61.300591; 20.000000
387; 61.200592; 20.000000
388; 61.100594; 20.000000
389; 61.000595; 20.000000
390; 60.900597; 20.000000
391; 60.800598; 20.000000
392; 60.700600; 20.000000
393; 60.600601; 20.000000
394; 60.500603; 20.000000
395; 60.400604; 20.000000
396; 60.300606; 20.000000
397; 60.200607; 20.000000
398; 60.100609; 20.000000
399; 60.000610; 20.000000
400; 59.900612; 20.000000
401; 59.800613; 20.000000
402; 59.700615; 20.000000
403; 59.600616; 20.000000
404; 59.500618; 20.000000
405; 59.400620; 20.000000
406; 59.300621; 20.000000
407; 59.200623; 20.000000
408; 59.100624; 20.000000
409; 59.000626; 20.000000
410; 58.900627; 20.000000
411; 58.800629; 20.000000
412; 58.700630; 20.000000
413; 58.600632; 20.000000
414; 58.500633; 20.000000
415; 58.400635; 20.000000
416; 58.300636; 20.000000
417; 58.200638; 20.000000
418; 58.100639; 20.000000
419; 58.000641; 20.000000
420; 57.900642; 20.000000
421; 57.800644; 20.000000
422; 57.700645; 20.000000
423; 57.600647; 20.000000
424; 57.500648; 20.000000
425; 57.400650; 20.000000
426; 57.300652; 20.000000
427; 57.200653; 20.000000
428; 57.100655; 20.000000
429; 57.000656; 20.000000
430; 56.900658; 20.000000
431; 56.800659; 20.000000
432; 56.700661; 20.000000
433; 56.600662; 20.000000
434; 56.500664; 20.000000
435; 56.400665; 20.000000
436; 56.300667; 20.000000
437; 56.300667; 19.500000
438; 56.250668; 19.500000
439; 56.250668; 19.000000
440; 56.200668; 19.000000
441; 56.200668; 18.500000
442; 56.190670; 18.500000
443; 56.190670; 18.000000
444; 56.190670; 17.500000
445; 56.190670; 17.000000
446; 56.190670; 16.500000
447; 56.190670; 16.000000
448; 56.190670; 15.500000
449; 56.190670; 15.000000
450; 56.190670; 14.500000
451; 56.190670; 14.000000
452; 56.190670; 13.500000
453; 56.190670; 13.000000
454; 56.190670; 12.500000
455; 56.190670; 12.000000
456; 56.190670; 11.500000
457; 56.190670; 11.000000
458; 56.190670; 10.500000
459; 56.190670; 10.000000
460; 56.190670; 9.500000
461; 56.190670; 9.000000
462; 56.190670; 8.500000
463; 56.190670; 8.000000
464; 56.190670; 7.500000
465; 56.190670; 7.000000
466; 56.190670; 6.500000
467; 56.190670; 6.000000
468; 56.190670; 5.500000
469; 56.190670; 5.000000
470; 56.190670; 4.500000
471; 56.190670; 4.000000
472; 56.190670; 3.500000
473; 56.190670; 3.000000
474; 56.190670; 2.500000
475; 56.190670; 2.000000
476; 56.190670; 1.500000
477; 56.190670; 1.000000
478; 56.190670; 0.500000
479; 56.190670; 0.000000
480; 56.090672; 0.000000
481; 55.990673; 0.000000
482; 55.890675; 0.000000
483; 55.790676; 0.000000
484; 55.690678; 0.000000
485; 55.590679; 0.000000
486; 55.490681; 0.000000
487; 55.390682; 0.000000
488; 55.290684; 0.000000
489; 55.190685; 0.000000
490; 55.090687; 0.000000
491; 54.990688; 0.000000
492; 54.890690; 0.000000
493; 54.790691; 0.000000
494; 54.690693; 0.000000
495; 54.590694; 0.000000
496; 54.490696; 0.000000
497; 54.390697; 0.000000
498; 54.290699; 0.000000
499; 54.190701; 0.000000
500; 54.090702; 0.000000
501; 53.990704; 0.000000
502; 53.890705; 0.000000
503; 53.790707; 0.000000
504; 53.690708; 0.000000
505; 53.590710; 0.000000
506; 53.490711; 0.000000
507; 53.390713; 0.000000
508; 53.290714; 0.000000
509; 53.190716; 0.000000
510; 53.090717; 0.000000
511; 52.990719; 0.000000
512; 52.890720; 0.000000
513; 52.790722; 0.000000
514; 52.690723; 0.000000
515; 52.590725; 0.000000
516; 52.490726; 0.000000
517; 52.390728; 0.000000
518; 52.290730; 0.000000
519; 52.190731; 0.000000
520; 52.090733; 0.000000
521; 51.990734; 0.000000
522; 51.890736; 0.000000
523; 51.790737; 0.000000
524; 51.690739; 0.000000
525; 51.590740; 0.000000
526; 51.490742; 0.000000
527; 51.390743; 0.000000
528; 51.290745; 0.000000
529; 51.190746; 0.000000
530; 51.090748; 0.000000
531; 50.990749; 0.000000
532; 50.890751; 0.000000
533; 50.790752; 0.000000
534; 50.690754; 0.000000
535; 50.590755; 0.000000
536; 50.490757; 0.000000
537; 50.390759; 0.000000
538; 50.290760; 0.000000
539; 50.190762; 0.000000
540; 50.090763; 0.000000
541; 49.990765; 0.000000
542; 49.890766; 0.000000
543; 49.790768; 0.000000
544; 49.690769; 0.000000
545; 49.590771; 0.000000
546; 49.490772; 0.000000
547; 49.390774; 0.000000
548; 49.290775; 0.000000
549; 49.190777; 0.000000
550; 49.090778; 0.000000
551; 48.990780; 0.000000
552; 48.890781; 0.000000
553; 48.790783; 0.000000
554; 48.690784; 0.000000
555; 48.590786; 0.000000
556; 48.490788; 0.000000
557; 48.390789; 0.000000
558; 48.290791; 0.000000
559; 48.190792; 0.000000
560; 48.090794; 0.000000
561; 47.990795; 0.000000
562; 47.890797; 0.000000
563; 47.790798; 0.000000
564; 47.690800; 0.000000
565; 47.590801; 0.000000
566; 47.490803; 0.000000
567; 47.390804; 0.000000
568; 47.290806; 0.000000
569; 47.190807; 0.000000
570; 47.090809; 0.000000
571; 46.990810; 0.000000
572; 46.890812; 0.000000
573; 46.790813; 0.000000
574; 46.690815; 0.000000
575; 46.590816; 0.000000
576; 46.490818; 0.000000
577; 46.390820; 0.000000
578; 46.290821; 0.000000
579; 46.190823; 0.000000
580; 46.090824; 0.000000
581; 45.990826; 0.000000
582; 45.890827; 0.000000
583; 45.790829; 0.000000
584; 45.690830; 0.000000
585; 45.590832; 0.000000
586; 45.490833; 0.000000
587; 45.390835; 0.000000
588; 45.290836; 0.000000
589; 45.190838; 0.000000
590; 45.090839; 0.000000
591; 44.990841; 0.000000
592; 44.890842; 0.000000
593; 44.790844; 0.000000
594; 44.690845; 0.000000
595; 44.590847; 0.000000
596; 44.490849; 0.000000
597; 44.390850; 0.000000
598; 44.290852; 0.000000
599; 44.190853; 0.000000
600; 44.090855; 0.000000
601; 43.990856; 0.000000
602; 43.890858; 0.000000
603; 43.790859; 0.000000
604; 43.690861; 0.000000
605; 43.590862; 0.000000
606; 43.490864; 0.000000
607; 43.390865; 0.000000
608; 43.290867; 0.000000
609; 43.190868; 0.000000
610; 43.090870; 0.000000
611; 42.990871; 0.000000
612; 42.890873; 0.000000
613; 42.790874; 0.000000
614; 42.690876; 0.000000
615; 42.590878; 0.000000
616; 42.490879; 0.000000
617; 42.390881; 0.000000
618; 42.290882; 0.000000
619; 42.190884; 0.000000
620; 42.090885; 0.000000
621; 41.990887; 0.000000
622; 41.890888; 0.000000
623; 41.790890; 0.000000
624; 41.690891; 0.000000
625; 41.590893; 0.000000
626; 41.490894; 0.000000
627; 41.390896; 0.000000
628; 41.290897; 0.000000
629; 41.190899; 0.000000
630; 41.090900; 0.000000
631; 40.990902; 0.000000
632; 40.890903; 0.000000
633; 40.790905; 0.000000
634; 40.690907; 0.000000
635; 40.590908; 0.000000
636; 40.490910; 0.000000
637; 40.390911; 0.000000
638; 40.290913; 0.000000
639; 40.190914; 0.000000
640; 40.090916; 0.000000
641; 39.990917; 0.000000
642; 39.890919; 0.000000
643; 39.790920; 0.000000
644; 39.690922; 0.000000
645; 39.590923; 0.000000
646; 39.490925; 0.000000
647; 39.390926; 0.000000
648; 39.290928; 0.000000
649; 39.190929; 0.000000
650; 39.090931; 0.000000
651; 38.990932; 0.000000
652; 38.890934; 0.000000
653; 38.790936; 0.000000
654; 38.690937; 0.000000
655; 38.590939; 0.000000
656; 38.490940; 0.000000
657; 38.390942; 0.000000
658; 38.290943; 0.000000
659; 38.190945; 0.000000
660; 38.090946; 0.000000
661; 37.990948; 0.000000
662; 37.890949; 0.000000
663; 37.790951; 0.000000
664; 37.690952; 0.000000
665; 37.590954; 0.000000
666; 37.490955; 0.000000
667; 37.390957; 0.000000
668; 37.290958; 0.000000
669; 37.190960; 0.000000
670; 37.090961; 0.000000
671; 36.990963; 0.000000
672; 36.890965; 0.000000
673; 36.790966; 0.000000
674; 36.690968; 0.000000
675; 36.590969; 0.000000
676; 36.490971; 0.000000
677; 36.390972; 0.000000
678; 36.290974; 0.000000
679; 36.190975; 0.000000
680; 36.090977; 0.000000
681; 35.990978; 0.000000
682; 35.890980; 0.000000
683; 35.790981; 0.000000
684; 35.690983; 0.000000
685; 35.590984; 0.000000
686; 35.490986; 0.000000
687; 35.390987; 0.000000
688; 35.290989; 0.000000
689; 35.190990; 0.000000
690; 35.090992; 0.000000
691; 34.990993; 0.000000
692; 34.890995; 0.000000
693; 34.790997; 0.000000
694; 34.690998; 0.000000
695; 34.591000; 0.000000
696; 34.491001; 0.000000
697; 34.391003; 0.000000
698; 34.291004; 0.000000
699; 34.191006; 0.000000
700; 34.091007; 0.000000
701; 33.991009; 0.000000
702; 33.891010; 0.000000
703; 33.791012; 0.000000
704; 33.691013; 0.000000
705; 33.591015; 0.000000
706; 33.491016; 0.000000
707; 33.391018; 0.000000
708; 33.291019; 0.000000
709; 33.191021; 0.000000
710; 33.091022; 0.000000
711; 32.991024; 0.000000
712; 32.891026; 0.000000
713; 32.791027; 0.000000
714; 32.691029; 0.000000
715; 32.591030; 0.000000
716; 32.491032; 0.000000
717; 32.391033; 0.000000
718; 32.291035; 0.000000
719; 32.191036; 0.000000
720; 32.091038; 0.000000
721; 31.991037; 0.000000
722; 31.891037; 0.000000
723; 31.791037; 0.000000
724; 31.691036; 0.000000
725; 31.591036; 0.000000
726; 31.491035; 0.000000
727; 31.391035; 0.000000
728; 31.291035; 0.000000
729; 31.191034; 0.000000
730; 31.091034; 0.000000
731; 30.991034; 0.000000
732; 30.891033; 0.000000
733; 30.791033; 0.000000
734; 30.691032; 0.000000
735; 30.591032; 0.000000
736; 30.491032; 0.000000
737; 30.391031; 0.000000
738; 30.291031; 0.000000
739; 30.191031; 0.000000
740; 30.091030; 0.000000
741; 29.991030; 0.000000
742; 29.891029; 0.000000
743; 29.791029; 0.000000
744; 29.691029; 0.000000
745; 29.591028; 0.000000
746; 29.491028; 0.000000
747; 29.391027; 0.000000
748; 29.291027; 0.000000
749; 29.191027; 0.000000
750; 29.091026; 0.000000
751; 28.991026; 0.000000
752; 28.891026; 0.000000
753; 28.791025; 0.000000
754; 28.691025; 0.000000
755; 28.591024; 0.000000
756; 28.491024; 0.000000
757; 28.391024; 0.000000
758; 28.291023; 0.000000
759; 28.191023; 0.000000
760; 28.091022; 0.000000
761; 27.991022; 0.000000
762; 27.891022; 0.000000
763; 27.791021; 0.000000
764; 27.691021; 0.000000
765; 27.591021; 0.000000
766; 27.491020; 0.000000
767; 27.391020; 0.000000
768; 27.291019; 0.000000
769; 27.191019; 0.000000
770; 27.091019; 0.000000
771; 26.991018; 0.000000
772; 26.891018; 0.000000
773; 26.791018; 0.000000
774; 26.691017; 0.000000
775; 26.591017; 0.000000
776; 26.491016; 0.000000
777; 26.391016; 0.000000
778; 26.291016; 0.000000
779; 26.191015; 0.000000
780; 26.091015; 0.000000
781; 25.991014; 0.000000
782; 25.891014; 0.000000
783; 25.791014; 0.000000
784; 25.691013; 0.000000
785; 25.591013; 0.000000
786; 25.491013; 0.000000
787; 25.391012; 0.000000
788; 25.291012; 0.000000
789; 25.191011; 0.000000
790; 25.091011; 0.000000
791; 24.991011; 0.000000
792; 24.891010; 0.000000
793; 24.791010; 0.000000
794; 24.691010; 0.000000
795; 24.591009; 0.000000
796; 24.491009; 0.000000
797; 24.391008; 0.000000
798; 24.291008; 0.000000
799; 24.191008; 0.000000
800; 24.091007; 0.000000
801; 23.991007; 0.000000
802; 23.891006; 0.000000
803; 23.791006; 0.000000
804; 23.691006; 0.000000
805; 23.591005; 0.000000
806; 23.491005; 0.000000
807; 23.391005; 0.000000
808; 23.291004; 0.000000
809; 23.191004; 0.000000
810; 23.091003; 0.000000
811; 22.991003; 0.000000
812; 22.891003; 0.000000
813; 22.791002; 0.000000
814; 22.691002; 0.000000
815; 22.591002; 0.000000
816; 22.491001; 0.000000
817; 22.391001; 0.000000
818; 22.291000; 0.000000
819; 22.191000; 5.000000
820; 22.091000; 10.000000
821; 21.990999; 10.000000
822; 21.890999; 10.000000
823; 21.790998; 10.000000
824; 21.690998; 10.000000
825; 21.590998; 10.000000
826; 21.490997; 10.000000
827; 21.390997; 10.000000
828; 21.290997; 10.000000
829; 21.190996; 10.000000
830; 21.090996; 10.000000
831; 20.990995; 10.000000
832; 20.890995; 10.000000
833; 20.790995; 10.000000
834; 20.690994; 10.000000
835; 20.590994; 10.000000
836; 20.490993; 10.000000
837; 20.390993; 10.000000
838; 20.290993; 10.000000
839; 20.190992; 10.000000
840; 20.090992; 10.000000
841; 19.990992; 10.000000
842; 19.890991; 10.000000
843; 19.790991; 10.000000
844; 19.690990; 10.000000
845; 19.590990; 10.000000
846; 19.490990; 10.000000
847; 19.390989; 10.000000
848; 19.290989; 10.000000
849; 19.190989; 10.000000
850; 19.090988; 10.000000
851; 18.990988; 10.000000
852; 18.890987; 10.000000
853; 18.790987; 10.000000
854; 18.690987; 10.000000
855; 18.590986; 10.000000
856; 18.490986; 10.000000
857; 18.390985; 10.000000
858; 18.290985; 10.000000
859; 18.190985; 10.000000
860; 18.090984; 10.000000
861; 17.990984; 10.000000
862; 17.890984; 10.000000
863; 17.790983; 10.000000
864; 17.690983; 10.000000
865; 17.590982; 10.000000
866; 17.490982; 10.000000
867; 17.390982; 10.000000
868; 17.290981; 10.000000
869; 17.190981; 10.000000
870; 17.090981; 10.000000
871; 16.990980; 10.000000
872; 16.890980; 10.000000
873; 16.790979; 10.000000
874; 16.690979; 10.000000
875; 16.590979; 10.000000
876; 16.490978; 10.000000
877; 16.390978; 10.000000
878; 16.290977; 10.000000
879; 16.190977; 10.000000
880; 16.090977; 10.000000
881; 15.990976; 10.000000
882; 15.890976; 10.000000
883; 15.790976; 10.000000
884; 15.690975; 10.000000
885; 15.590975; 10.000000
886; 15.490974; 10.000000
887; 15.390974; 10.000000
888; 15.290974; 10.000000
889; 15.190973; 10.000000
890; 15.090973; 10.000000
891; 14.990973; 10.000000
892; 14.890972; 10.000000
893; 14.790972; 10.000000
894; 14.690971; 10.000000
895; 14.590971; 10.000000
896; 14.490971; 10.000000
897; 14.390970; 10.000000
898; 14.290970; 10.000000
899; 14.190969; 10.000000
900; 14.090969; 10.000000
901; 13.990969; 10.000000
902; 13.890968; 10.000000
903; 13.790968; 10.000000
904; 13.690968; 10.000000
905; 13.590967; 10.000000
906; 13.490967; 10.000000
907; 13.390966; 10.000000
908; 13.290966; 10.000000
909; 13.190966; 10.000000
910; 13.090965; 10.000000
911; 12.990965; 10.000000
912; 12.890965; 10.000000
913; 12.790964; 10.000000
914; 12.690964; 10.000000
915; 12.590963; 10.000000
916; 12.490963; 10.000000
917; 12.390963; 10.000000
918; 12.290962; 10.000000
919; 12.190962; 10.000000
920; 12.090961; 10.000000
921; 11.990961; 10.000000
922; 11.890961; 10.000000
923; 11.790960; 10.000000
924; 11.690960; 10.000000
925; 11.590960; 10.000000
926; 11.490959; 10.000000
927; 11.390959; 10.000000
928; 11.290958; 10.000000
929; 11.190958; 10.000000
930; 11.090958; 10.000000
931; 10.990957; 10.000000
932; 10.890957; 10.000000
933; 10.790956; 10.000000
934; 10.690956; 10.000000
935; 10.590956; 10.000000
936; 10.490955; 10.000000
937; 10.390955; 10.000000
938; 10.290955; 10.000000
939; 10.190954; 10.000000
940; 10.090954; 10.000000
941; 9.990953; 10.000000
942; 9.890953; 10.000000
943; 9.790953; 10.000000
944; 9.690952; 10.000000
945; 9.590952; 10.000000
946; 9.490952; 10.000000
947; 9.390951; 10.000000
948; 9.290951; 10.000000
949; 9.190950; 10.000000
950; 9.090950; 10.000000
951; 8.990950; 10.000000
952; 8.890949; 10.000000
953; 8.790949; 10.000000
954; 8.690948; 10.000000
955; 8.590948; 10.000000
956; 8.490948; 10.000000
957; 8.390947; 10.000000
958; 8.290947; 10.000000
959; 8.190947; 10.000000
960; 8.090946; 10.000000
961; 7.990946; 10.000000
962; 7.890946; 10.000000
963; 7.790946; 10.000000
964; 7.690947; 10.000000
965; 7.590947; 10.000000
966; 7.490947; 10.000000
967; 7.390947; 10.000000
968; 7.290947; 10.000000
969; 7.190947; 10.000000
970; 7.090947; 10.000000
971; 6.990947; 10.000000
972; 6.890947; 10.000000
973; 6.790947; 10.000000
974; 6.690948; 10.000000
975; 6.590948; 15.000000
976; 7.590948; 15.000000
977; 8.590948; 15.000000
978; 8.490948; 15.000000
979; 9.490948; 15.000000
980; 10.490948; 15.000000
981; 11.490948; 15.000000
982; 12.490948; 15.000000
983; 13.490948; 15.000000
984; 14.490948; 15.000000
985; 15.490948; 15.000000
986; 16.490948; 15.000000
987; 17.490948; 15.000000
988; 18.490948; 15.000000
989; 19.490948; 15.000000
990; 20.490948; 15.000000
991; 21.490948; 15.000000
992; 22.490948; 15.000000
993; 23.490948; 15.000000
994; 24.490948; 15.000000
995; 25.490948; 15.000000
996; 26.490948; 15.000000
997; 27.490948; 15.000000
998; 28.490948; 15.000000
999; 29.490948; 15.000000
1000; 30.490948; 15.000000
1001; 31.490948; 15.000000
1002; 32.490948; 15.000000
1003; 33.490948; 15.000000
1004; 34.490948; 15.000000
1005; 35.490948; 15.000000
1006; 36.490948; 15.000000
1007; 37.490948; 15.000000
1008; 38.490948; 15.000000
1009; 39.490948; 15.000000
1010; 40.490948; 15.000000
1011; 41.490948; 15.000000
1012; 42.490948; 15.000000
1013; 43.490948; 15.000000
1014; 44.490948; 15.000000
1015; 45.490948; 15.000000
1016; 46.490948; 15.000000
1017; 47.490948; 15.000000
1018; 48.490948; 15.000000
1019; 49.490948; 15.000000
1020; 50.490948; 15.000000
1021; 51.490948; 15.000000
1022; 52.490948; 15.000000
1023; 53.490948; 15.000000
1024; 54.490948; 15.000000
1025; 55.490948; 15.000000
1026; 56.490948; 15.000000
1027; 57.490948; 15.000000
1028; 58.490948; 15.000000
1029; 59.490948; 15.000000
1030; 60.490948; 15.000000
1031; 61.490948; 15.000000
1032; 62.490948; 15.000000
1033; 63.490948; 15.000000
1034; 64.490952; 15.000000
1035; 65.490952; 15.000000
1036; 66.490952; 15.000000
1037; 67.490952; 15.000000
1038; 68.490952; 15.000000
1039; 69.490952; 15.000000
1040; 70.490952; 15.000000
1041; 71.490952; 15.000000
1042; 72.490952; 15.000000
1043; 73.490952; 15.000000
1044; 74.490952; 15.000000
1045; 75.490952; 15.000000
1046; 76.490952; 15.000000
1047; 77.490952; 15.000000
1048; 78.490952; 15.000000
1049; 79.490952; 15.000000
1050; 80.490952; 15.000000
1051; 81.490952; 15.000000
1052; 82.490952; 15.000000
1053; 83.490952; 15.000000
1054; 84.490952; 15.000000
1055; 85.490952; 15.000000
1056; 86.490952; 15.000000
1057; 87.490952; 15.000000
1058; 88.490952; 15.000000
1059; 89.490952; 15.000000
1060; 90.490952; 15.000000
1061; 91.490952; 15.000000
1062; 92.490952; 15.000000
1063; 93.490952; 15.000000
1064; 94.490952; 15.000000
1065; 95.490952; 15.000000
1066; 96.490952; 15.000000
1067; 97.490952; 15.000000
1068; 98.490952; 15.000000
1069; 99.490952; 15.000000
1070; 100.000000; 15.000000
1071; 99.900002; 15.000000
1072; 100.000000; 15.000000
1073; 99.900002; 15.000000
1074; 100.000000; 15.000000
1075; 99.900002; 15.000000
1076; 99.800003; 15.000000
1077; 100.000000; 15.000000
1078; 99.900002; 15.000000
1079; 100.000000; 15.000000
1080; 99.900002; 15.000000
1081; 100.000000; 15.000000
1082; 99.900002; 15.000000
1083; 100.000000; 15.000000
1084; 99.900002; 15.000000
1085; 100.000000; 15.000000
1086; 99.900002; 15.000000
1087; 99.800003; 15.000000
1088; 99.700005; 15.000000
1089; 100.000000; 15.000000
1090; 99.900002; 15.000000
1091; 100.000000; 15.000000
1092; 99.900002; 15.000000
1093; 100.000000; 15.000000
1094; 99.900002; 15.000000
1095; 100.000000; 15.000000
1096; 99.900002; 15.000000
1097; 99.800003; 15.000000
1098; 99.700005; 15.000000
1099; 100.000000; 15.000000
1100; 99.900002; 15.000000
1101; 99.800003; 15.000000
1102; 99.700005; 15.000000
1103; 99.600006; 15.000000
1104; 99.500008; 15.000000
1105; 99.400009; 15.000000
1106; 99.300011; 15.000000
1107; 99.200012; 15.000000
1108; 99.100014; 15.000000
1109; 99.000015; 15.000000
1110; 98.900017; 15.000000
1111; 98.800018; 15.000000
1112; 98.700020; 15.000000
1113; 98.600021; 15.000000
1114; 98.500023; 15.000000
1115; 98.400024; 15.000000
1116; 98.300026; 15.000000
1117; 98.200027; 20.000000
1118; 98.100029; 20.000000
1119; 98.000031; 20.000000
1120; 97.900032; 20.000000
1121; 97.800034; 20.000000
1122; 97.700035; 20.000000
1123; 97.600037; 20.000000
1124; 97.500038; 20.000000
1125; 97.400040; 20.000000
1126; 97.300041; 20.000000
1127; 97.200043; 20.000000
1128; 97.100044; 20.000000
1129; 97.000046; 20.000000
1130; 96.900047; 20.000000
1131; 96.800049; 20.000000
1132; 96.700050; 20.000000
1133; 96.600052; 20.000000
1134; 96.500053; 20.000000
1135; 96.400055; 20.000000
1136; 96.300056; 20.000000
1137; 96.200058; 20.000000
1138; 96.100060; 20.000000
1139; 96.000061; 20.000000
1140; 95.900063; 20.000000
1141; 95.800064; 20.000000
1142; 95.700066; 20.000000
1143; 95.600067; 20.000000
1144; 95.500069; 20.000000
1145; 95.400070; 20.000000
1146; 95.300072; 20.000000
1147; 95.200073; 20.000000
1148; 95.100075; 20.000000
1149; 95.000076; 20.000000
1150; 94.900078; 20.000000
1151; 94.800079; 20.000000
1152; 94.700081; 20.000000
1153; 94.600082; 20.000000
1154; 94.500084; 20.000000
1155; 94.400085; 20.000000
1156; 94.300087; 20.000000
1157; 94.200089; 20.000000
1158; 94.100090; 20.000000
1159; 94.000092; 20.000000
1160; 93.900093; 20.000000
1161; 93.800095; 20.000000
1162; 93.700096; 20.000000
1163; 93.600098; 20.000000
1164; 93.500099; 20.000000
1165; 93.400101; 20.000000
1166; 93.300102; 20.000000
1167; 93.200104; 20.000000
1168; 93.100105; 20.000000
1169; 93.000107; 20.000000
1170; 92.900108; 20.000000
1171; 92.800110; 20.000000
1172; 92.700111; 20.000000
1173; 92.600113; 20.000000
1174; 92.500114; 20.000000
1175; 92.400116; 20.000000
1176; 92.300117; 20.000000
1177; 92.200119; 20.000000
1178; 92.100121; 20.000000
1179; 92.000122; 20.000000
1180; 91.900124; 20.000000
1181; 91.800125; 20.000000
1182; 91.700127; 20.000000
1183; 91.600128; 20.000000
1184; 91.500130; 20.000000
1185; 91.400131; 20.000000
1186; 91.300133; 20.000000
1187; 91.200134; 20.000000
1188; 91.100136; 20.000000
1189; 91.000137; 20.000000
1190; 90.900139; 20.000000
1191; 90.800140; 20.000000
1192; 90.700142; 20.000000
1193; 90.600143; 20.000000
1194; 90.500145; 20.000000
1195; 90.400146; 20.000000
1196; 90.300148; 20.000000
1197; 90.200150; 20.000000
1198; 90.100151; 20.000000
1199; 90.000153; 20.000000
1200; 89.900154; 20.000000
1201; 89.800156; 20.000000
1202; 89.700157; 20.000000
1203; 89.600159; 20.000000
1204; 89.500160; 20.000000
1205; 89.400162; 20.000000
1206; 89.300163; 20.000000
1207; 89.200165; 20.000000
1208; 89.100166; 20.000000
1209; 89.000168; 20.000000
1210; 88.900169; 20.000000
1211; 88.800171; 20.000000
1212; 88.700172; 20.000000
1213; 88.600174; 20.000000
1214; 88.500175; 20.000000
1215; 88.400177; 20.000000
1216; 88.300179; 20.000000
1217; 88.200180; 20.000000
1218; 88.100182; 20.000000
1219; 88.000183; 20.000000
1220; 87.900185; 20.000000
1221; 87.800186; 20.000000
1222; 87.700188; 20.000000
1223; 87.600189; 20.000000
1224; 87.500191; 20.000000
1225; 87.400192; 20.000000
1226; 87.300194; 20.000000
1227; 87.200195; 20.000000
1228; 87.100197; 20.000000
1229; 87.000198; 20.000000
1230; 86.900200; 20.000000
1231; 86.800201; 20.000000
1232; 86.700203; 20.000000
1233; 86.600204; 20.000000
1234; 86.500206; 20.000000
1235; 86.400208; 20.000000
1236; 86.300209; 20.000000
1237; 86.200211; 20.000000
1238; 86.100212; 20.000000
1239; 86.000214; 20.000000
1240; 85.900215; 20.000000
1241; 85.800217; 20.000000
1242; 85.700218; 20.000000
1243; 85.600220; 20.000000
1244; 85.500221; 20.000000
1245; 85.400223; 20.000000
1246; 85.300224; 20.000000
1247; 85.200226; 20.000000
1248; 85.100227; 20.000000
1249; 85.000229; 20.000000
1250; 84.900230; 20.000000
1251; 84.800232; 20.000000
1252; 84.700233; 20.000000
1253; 84.600235; 20.000000
1254; 84.500237; 20.000000
1255; 84.400238; 20.000000
1256; 84.300240; 20.000000
1257; 84.200241; 20.000000
1258; 84.100243; 20.000000
1259; 84.000244; 20.000000
1260; 83.900246; 20.000000
1261; 83.800247; 20.000000
1262; 83.700249; 20.000000
1263; 83.600250; 20.000000
1264; 83.500252; 20.000000
1265; 83.400253; 20.000000
1266; 83.300255; 20.000000
1267; 83.200256; 20.000000
1268; 83.100258; 20.000000
1269; 83.000259; 20.000000
1270; 82.900261; 20.000000
1271; 82.800262; 20.000000
1272; 82.700264; 20.000000
1273; 82.600266; 20.000000
1274; 82.500267; 20.000000
1275; 82.400269; 20.000000
1276; 82.300270; 20.000000
1277; 82.200272; 20.000000
1278; 82.200272; 19.500000
1279; 82.150269; 19.500000
1280; 82.150269; 19.000000
1281; 82.140266; 19.000000
1282; 82.140266; 18.500000
1283; 82.140266; 18.000000
1284; 82.140266; 17.500000
1285; 82.140266; 17.000000
1286; 82.140266; 16.500000
1287; 82.140266; 16.000000
1288; 82.140266; 15.500000
1289; 82.140266; 15.000000
1290; 82.140266; 14.500000
1291; 82.140266; 14.000000
1292; 82.140266; 13.500000
1293; 82.140266; 13.000000
1294; 82.140266; 12.500000
1295; 82.140266; 12.000000
1296; 82.140266; 11.500000
1297; 82.140266; 11.000000
1298; 82.140266; 10.500000
1299; 82.140266; 10.000000
1300; 82.140266; 9.500000
1301; 82.140266; 9.000000
1302; 82.140266; 8.500000
1303; 82.140266; 8.000000
1304; 82.140266; 7.500000
1305; 82.140266; 7.000000
1306; 82.140266; 6.500000
1307; 82.140266; 6.000000
1308; 82.140266; 5.500000
1309; 82.140266; 5.000000
1310; 82.140266; 4.500000
1311; 82.140266; 4.000000
1312; 82.140266; 3.500000
1313; 82.140266; 3.000000
1314; 82.140266; 2.500000
1315; 82.140266; 2.000000
1316; 82.140266; 1.500000
1317; 82.140266; 1.000000
1318; 82.140266; 0.500000
1319; 82.140266; 0.000000
1320; 82.040268; 0.000000
1321; 81.940269; 0.000000
1322; 81.840271; 0.000000
1323; 81.740273; 0.000000
1324; 81.640274; 0.000000
1325; 81.540276; 0.000000
1326; 81.440277; 0.000000
1327; 81.340279; 0.000000
1328; 81.240280; 0.000000
1329; 81.140282; 0.000000
1330; 81.040283; 0.000000
1331; 80.940285; 0.000000
1332; 80.840286; 0.000000
1333; 80.740288; 0.000000
1334; 80.640289; 0.000000
1335; 80.540291; 0.000000
1336; 80.440292; 0.000000
1337; 80.340294; 0.000000
1338; 80.240295; 0.000000
1339; 80.140297; 0.000000
1340; 80.040298; 0.000000
1341; 79.940300; 0.000000
1342; 79.840302; 0.000000
1343; 79.740303; 0.000000
1344; 79.640305; 0.000000
1345; 79.540306; 0.000000
1346; 79.440308; 0.000000
1347; 79.340309; 0.000000
1348; 79.240311; 0.000000
1349; 79.140312; 0.000000
1350; 79.040314; 0.000000
1351; 78.940315; 0.000000
1352; 78.840317; 0.000000
1353; 78.740318; 0.000000
1354; 78.640320; 0.000000
1355; 78.540321; 0.000000
1356; 78.440323; 0.000000
1357; 78.340324; 0.000000
1358; 78.240326; 0.000000
1359; 78.140327; 0.000000
1360; 78.040329; 0.000000
1361; 77.940331; 0.000000
1362; 77.840332; 0.000000
1363; 77.740334; 0.000000
1364; 77.640335; 0.000000
1365; 77.540337; 0.000000
1366; 77.440338; 0.000000
1367; 77.340340; 0.000000
1368; 77.240341; 0.000000
1369; 77.140343; 0.000000
1370; 77.040344; 0.000000
1371; 76.940346; 0.000000
1372; 76.840347; 0.000000
1373; 76.740349; 0.000000
1374; 76.640350; 0.000000
1375; 76.540352; 0.000000
1376; 76.440353; 0.000000
1377; 76.340355; 0.000000
1378; 76.240356; 0.000000
1379; 76.140358; 0.000000
1380; 76.040359; 0.000000
1381; 75.940361; 0.000000
1382; 75.840363; 0.000000
1383; 75.740364; 0.000000
1384; 75.640366; 0.000000
1385; 75.540367; 0.000000
1386; 75.440369; 0.000000
1387; 75.340370; 0.000000
1388; 75.240372; 0.000000
1389; 75.140373; 0.000000
1390; 75.040375; 0.000000
1391; 74.940376; 0.000000
1392; 74.840378; 0.000000
1393; 74.740379; 0.000000
1394; 74.640381; 0.000000
1395; 74.540382; 0.000000
1396; 74.440384; 0.000000
1397; 74.340385; 0.000000
1398; 74.240387; 0.000000
1399; 74.140388; 0.000000
1400; 74.040390; 0.000000
1401; 73.940392; 0.000000
1402; 73.840393; 0.000000
1403; 73.740395; 0.000000
1404; 73.640396; 0.000000
1405; 73.540398; 0.000000
1406; 73.440399; 0.000000
1407; 73.340401; 0.000000
1408; 73.240402; 0.000000
1409; 73.140404; 0.000000
1410; 73.040405; 0.000000
1411; 72.940407; 0.000000
1412; 72.840408; 0.000000
1413; 72.740410; 0.000000
1414; 72.640411; 0.000000
1415; 72.540413; 0.000000
1416; 72.440414; 0.000000
1417; 72.340416; 0.000000
1418; 72.240417; 0.000000
1419; 72.140419; 0.000000
1420; 72.040421; 0.000000
1421; 71.940422; 0.000000
1422; 71.840424; 0.000000
1423; 71.740425; 0.000000
1424; 71.640427; 0.000000
1425; 71.540428; 0.000000
1426; 71.440430; 0.000000
1427; 71.340431; 0.000000
1428; 71.240433; 0.000000
1429; 71.140434; 0.000000
1430; 71.040436; 0.000000
1431; 70.940437; 0.000000
1432; 70.840439; 0.000000
1433; 70.740440; 0.000000
1434; 70.640442; 0.000000
1435; 70.540443; 0.000000
1436; 70.440445; 0.000000
1437; 70.340446; 0.000000
1438; 70.240448; 0.000000
1439; 70.140450; 0.000000
1440; 70.040451; 0.000000
1441; 69.940453; 0.000000
1442; 69.840454; 0.000000
1443; 69.740456; 0.000000
1444; 69.640457; 0.000000
1445; 69.540459; 0.000000
1446; 69.440460; 0.000000
1447; 69.340462; 0.000000
1448; 69.240463; 0.000000
1449; 69.140465; 0.000000
1450; 69.040466; 0.000000
1451; 68.940468; 0.000000
1452; 68.840469; 0.000000
1453; 68.740471; 0.000000
1454; 68.640472; 0.000000
1455; 68.540474; 0.000000
1456; 68.440475; 0.000000
1457; 68.340477; 0.000000
1458; 68.240479; 0.000000
1459; 68.140480; 0.000000
1460; 68.040482; 0.000000
1461; 67.940483; 0.000000
1462; 67.840485; 0.000000
1463; 67.740486; 0.000000
1464; 67.640488; 0.000000
1465; 67.540489; 0.000000
1466; 67.440491; 0.000000
1467; 67.340492; 0.000000
1468; 67.240494; 0.000000
1469; 67.140495; 0.000000
1470; 67.040497; 0.000000
1471; 66.940498; 0.000000
1472; 66.840500; 0.000000
1473; 66.740501; 0.000000
1474; 66.640503; 0.000000
1475; 66.540504; 0.000000
1476; 66.440506; 0.000000
1477; 66.340508; 0.000000
1478; 66.240509; 0.000000
1479; 66.140511; 0.000000
1480; 66.040512; 0.000000
1481; 65.940514; 0.000000
1482; 65.840515; 0.000000
1483; 65.740517; 0.000000
1484; 65.640518; 0.000000
1485; 65.540520; 0.000000
1486; 65.440521; 0.000000
1487; 65.340523; 0.000000
1488; 65.240524; 0.000000
1489; 65.140526; 0.000000
1490; 65.040527; 0.000000
1491; 64.940529; 0.000000
1492; 64.840530; 0.000000
1493; 64.740532; 0.000000
1494; 64.640533; 0.000000
1495; 64.540535; 0.000000
1496; 64.440536; 0.000000
1497; 64.340538; 0.000000
1498; 64.240540; 0.000000
1499; 64.140541; 0.000000
1500; 64.040543; 0.000000
1501; 63.940544; 0.000000
1502; 63.840546; 0.000000
1503; 63.740547; 0.000000
1504; 63.640549; 0.000000
1505; 63.540550; 0.000000
1506; 63.440552; 0.000000
1507; 63.340553; 0.000000
1508; 63.240555; 0.000000
1509; 63.140556; 0.000000
1510; 63.040558; 0.000000
1511; 62.940559; 0.000000
1512; 62.840561; 0.000000
1513; 62.740562; 0.000000
1514; 62.640564; 0.000000
1515; 62.540565; 0.000000
1516; 62.440567; 0.000000
1517; 62.340569; 0.000000
1518; 62.240570; 0.000000
1519; 62.140572; 0.000000
1520; 62.040573; 0.000000
1521; 61.940575; 0.000000
1522; 61.840576; 0.000000
1523; 61.740578; 0.000000
1524; 61.640579; 0.000000
1525; 61.540581; 0.000000
1526; 61.440582; 0.000000
1527; 61.340584; 0.000000
1528; 61.240585; 0.000000
1529; 61.140587; 0.000000
1530; 61.040588; 0.000000
1531; 60.940590; 0.000000
1532; 60.840591; 0.000000
1533; 60.740593; 0.000000
1534; 60.640594; 0.000000
1535; 60.540596; 0.000000
1536; 60.440598; 0.000000
1537; 60.340599; 0.000000
1538; 60.240601; 0.000000
1539; 60.140602; 0.000000
1540; 60.040604; 0.000000
1541; 59.940605; 0.000000
1542; 59.840607; 0.000000
1543; 59.740608; 0.000000
1544; 59.640610; 0.000000
1545; 59.540611; 0.000000
1546; 59.440613; 0.000000
1547; 59.340614; 0.000000
1548; 59.240616; 0.000000
1549; 59.140617; 0.000000
1550; 59.040619; 0.000000
1551; 58.940620; 0.000000
1552; 58.840622; 0.000000
1553; 58.740623; 0.000000
1554; 58.640625; 0.000000
1555; 58.540627; 0.000000
1556; 58.440628; 0.000000
1557; 58.340630; 0.000000
1558; 58.240631; 0.000000
1559; 58.140633; 0.000000
1560; 58.040634; 0.000000
1561; 57.940636; 0.000000
1562; 57.840637; 0.000000
1563; 57.740639; 0.000000
1564; 57.640640; 0.000000
1565; 57.540642; 0.000000
1566; 57.440643; 0.000000
1567; 57.340645; 0.000000
1568; 57.240646; 0.000000
1569; 57.140648; 0.000000
1570; 57.040649; 0.000000
1571; 56.940651; 0.000000
1572; 56.840652; 0.000000
1573; 56.740654; 0.000000
1574; 56.640656; 0.000000
1575; 56.540657; 0.000000
1576; 56.440659; 0.000000
1577; 56.340660; 0.000000
1578; 56.240662; 0.000000
1579; 56.140663; 5.000000
1580; 56.040665; 5.000000
1581; 55.940666; 5.000000
1582; 55.840668; 5.000000
1583; 55.740669; 5.000000
1584; 55.640671; 5.000000
1585; 55.540672; 5.000000
1586; 55.440674; 5.000000
1587; 55.340675; 5.000000
1588; 55.240677; 5.000000
1589; 55.140678; 5.000000
1590; 55.040680; 5.000000
1591; 54.940681; 5.000000
1592; 54.840683; 5.000000
1593; 54.740685; 5.000000
1594; 54.640686; 5.000000
1595; 54.540688; 5.000000
1596; 54.440689; 5.000000
1597; 54.340691; 5.000000
1598; 54.240692; 5.000000
1599; 54.140694; 5.000000
1600; 54.040695; 5.000000
1601; 53.940697; 5.000000
1602; 53.840698; 5.000000
1603; 53.740700; 5.000000
1604; 53.640701; 5.000000
1605; 53.540703; 5.000000
1606; 53.440704; 5.000000
1607; 53.340706; 5.000000
1608; 53.240707; 5.000000
1609; 53.140709; 5.000000
1610; 53.040710; 5.000000
1611; 52.940712; 5.000000
1612; 52.840714; 5.000000
1613; 52.740715; 5.000000
1614; 52.640717; 5.000000
1615; 52.540718; 5.000000
1616; 52.440720; 5.000000
1617; 52.340721; 5.000000
1618; 52.240723; 5.000000
1619; 52.140724; 5.000000
1620; 52.040726; 5.000000
1621; 51.940727; 5.000000
1622; 51.840729; 5.000000
1623; 51.740730; 5.000000
1624; 51.640732; 5.000000
1625; 51.540733; 5.000000
1626; 51.440735; 5.000000
1627; 51.340736; 5.000000
1628; 51.240738; 5.000000
1629; 51.140739; 5.000000
1630; 51.040741; 5.000000
1631; 50.940742; 5.000000
1632; 50.840744; 5.000000
1633; 50.740746; 5.000000
1634; 50.640747; 5.000000
1635; 50.540749; 5.000000
1636; 50.440750; 5.000000
1637; 50.340752; 5.000000
1638; 50.240753; 5.000000
1639; 50.140755; 5.000000
1640; 50.040756; 5.000000
1641; 49.940758; 5.000000
1642; 49.840759; 5.000000
1643; 49.740761; 5.000000
1644; 49.640762; 5.000000
1645; 49.540764; 5.000000
1646; 49.440765; 5.000000
1647; 49.340767; 5.000000
1648; 49.240768; 5.000000
1649; 49.140770; 5.000000
1650; 49.040771; 5.000000
1651; 48.940773; 5.000000
1652; 48.840775; 5.000000
1653; 48.740776; 5.000000
1654; 48.640778; 5.000000
1655; 48.540779; 5.000000
1656; 48.440781; 5.000000
1657; 48.340782; 5.000000
1658; 48.240784; 5.000000
1659; 48.140785; 5.000000
1660; 48.040787; 5.000000
1661; 47.940788; 5.000000
1662; 47.840790; 5.000000
1663; 47.740791; 5.000000
1664; 47.640793; 5.000000
1665; 47.540794; 5.000000
1666; 47.440796; 5.000000
1667; 47.340797; 5.000000
1668; 47.240799; 5.000000
1669; 47.140800; 5.000000
1670; 47.040802; 5.000000
1671; 46.940804; 5.000000
1672; 46.840805; 5.000000
1673; 46.740807; 5.000000
1674; 46.640808; 5.000000
1675; 46.540810; 5.000000
1676; 46.440811; 5.000000
1677; 46.340813; 5.000000
1678; 46.240814; 5.000000
1679; 46.140816; 5.000000
1680; 46.040817; 5.000000
1681; 45.940819; 5.000000
1682; 45.840820; 5.000000
1683; 45.740822; 5.000000
1684; 45.640823; 5.000000
1685; 45.540825; 5.000000
1686; 45.440826; 5.000000
1687; 45.340828; 5.000000
1688; 45.240829; 5.000000
1689; 45.140831; 5.000000
1690; 45.040833; 5.000000
1691; 44.940834; 5.000000
1692; 44.840836; 5.000000
1693; 44.740837; 5.000000
1694; 44.640839; 5.000000
1695; 44.540840; 5.000000
1696; 44.440842; 5.000000
1697; 44.340843; 5.000000
1698; 44.240845; 5.000000
1699; 44.140846; 5.000000
1700; 44.040848; 5.000000
1701; 43.940849; 10.000000
1702; 43.840851; 10.000000
1703; 43.740852; 10.000000
1704; 43.640854; 10.000000
1705; 43.540855; 10.000000
1706; 43.440857; 10.000000
1707; 43.340858; 10.000000
1708; 43.240860; 10.000000
1709; 43.140862; 10.000000
1710; 43.040863; 10.000000
1711; 42.940865; 10.000000
1712; 42.840866; 10.000000
1713; 42.740868; 10.000000
1714; 42.640869; 10.000000
1715; 42.540871; 10.000000
1716; 42.440872; 10.000000
1717; 42.340874; 10.000000
1718; 42.240875; 10.000000
1719; 42.140877; 10.000000
1720; 42.040878; 15.000000
1721; 41.940880; 15.000000
1722; 41.840881; 15.000000
1723; 41.740883; 15.000000
1724; 41.640884; 15.000000
1725; 41.540886; 15.000000
1726; 41.440887; 15.000000
1727; 41.340889; 15.000000
1728; 41.240891; 15.000000
1729; 41.140892; 15.000000
1730; 41.040894; 15.000000
1731; 40.940895; 15.000000
1732; 40.840897; 15.000000
1733; 40.740898; 15.000000
1734; 40.640900; 15.000000
1735; 40.540901; 15.000000
1736; 40.440903; 15.000000
1737; 40.340904; 15.000000
1738; 40.240906; 15.000000
1739; 40.140907; 15.000000
1740; 40.040909; 15.000000
1741; 39.940910; 15.000000
1742; 39.840912; 15.000000
1743; 39.740913; 15.000000
1744; 39.640915; 15.000000
1745; 39.540916; 15.000000
1746; 39.440918; 15.000000
1747; 39.340919; 15.000000
1748; 39.240921; 15.000000
1749; 39.140923; 15.000000
1750; 39.040924; 15.000000
1751; 38.940926; 15.000000
1752; 38.840927; 15.000000
1753; 38.740929; 15.000000
1754; 38.640930; 15.000000
1755; 38.540932; 15.000000
1756; 38.440933; 15.000000
1757; 38.340935; 15.000000
1758; 38.240936; 15.000000
1759; 38.140938; 15.000000
1760; 38.040939; 15.000000
1761; 37.940941; 15.000000
1762; 37.840942; 15.000000
1763; 37.740944; 15.000000
1764; 37.640945; 15.000000
1765; 37.540947; 15.000000
1766; 37.440948; 15.000000
1767; 37.340950; 15.000000
1768; 37.240952; 15.000000
1769; 37.140953; 15.000000
1770; 37.040955; 15.000000
1771; 36.940956; 15.000000
1772; 36.840958; 15.000000
1773; 36.740959; 15.000000
1774; 36.640961; 15.000000
1775; 36.540962; 15.000000
1776; 36.440964; 15.000000
1777; 36.340965; 15.000000
1778; 36.240967; 15.000000
1779; 36.140968; 15.000000
1780; 36.040970; 15.000000
1781; 35.940971; 15.000000
1782; 35.840973; 15.000000
1783; 35.740974; 15.000000
1784; 35.640976; 15.000000
1785; 35.540977; 15.000000
1786; 35.440979; 15.000000
1787; 35.340981; 15.000000
1788; 35.240982; 15.000000
1789; 35.140984; 15.000000
1790; 35.040985; 15.000000
1791; 34.940987; 15.000000
1792; 34.840988; 15.000000
1793; 34.740990; 15.000000
1794; 34.640991; 15.000000
1795; 34.540993; 15.000000
1796; 34.440994; 15.000000
1797; 34.340996; 15.000000
1798; 34.240997; 15.000000
1799; 34.140999; 20.000000
1800; 34.041000; 20.000000
1801; 33.941002; 20.000000
1802; 33.841003; 20.000000
1803; 33.741005; 20.000000
1804; 33.641006; 20.000000
1805; 33.541008; 20.000000
1806; 33.441010; 20.000000
1807; 33.341011; 20.000000
1808; 33.241013; 20.000000
1809; 33.141014; 20.000000
1810; 33.041016; 20.000000
1811; 32.941017; 20.000000
1812; 32.841019; 20.000000
1813; 32.741020; 20.000000
1814; 32.641022; 20.000000
1815; 32.541023; 20.000000
1816; 32.441025; 20.000000
1817; 32.341026; 20.000000
1818; 32.241028; 20.000000
1819; 32.141029; 20.000000
1820; 32.041031; 20.000000
1821; 31.941031; 20.000000
1822; 31.841030; 20.000000
1823; 31.741030; 20.000000
1824; 31.641029; 20.000000
1825; 31.541029; 20.000000
1826; 31.441029; 20.000000
1827; 31.341028; 20.000000
1828; 31.241028; 20.000000
1829; 31.141027; 20.000000
1830; 31.041027; 20.000000
1831; 30.941027; 20.000000
1832; 30.841026; 20.000000
1833; 30.741026; 20.000000
1834; 30.641026; 20.000000
1835; 30.541025; 20.000000
1836; 30.441025; 20.000000
1837; 30.341024; 20.000000
1838; 30.241024; 20.000000
1839; 30.141024; 20.000000
1840; 30.041023; 20.000000
1841; 29.941023; 20.000000
1842; 29.841022; 20.000000
1843; 29.741022; 20.000000
1844; 29.641022; 20.000000
1845; 29.541021; 20.000000
1846; 29.441021; 20.000000
1847; 29.341021; 20.000000
1848; 29.241020; 20.000000
1849; 29.141020; 20.000000
1850; 29.041019; 20.000000
1851; 28.941019; 20.000000
1852; 28.841019; 20.000000
1853; 28.741018; 20.000000
1854; 28.641018; 20.000000
1855; 28.541018; 20.000000
1856; 28.441017; 20.000000
1857; 28.341017; 20.000000
1858; 28.241016; 20.000000
1859; 28.141016; 20.000000
1860; 28.041016; 20.000000
1861; 27.941015; 20.000000
1862; 27.841015; 20.000000
1863; 27.741014; 20.000000
1864; 27.641014; 20.000000
1865; 27.541014; 20.000000
1866; 27.441013; 20.000000
1867; 27.341013; 20.000000
1868; 27.241013; 20.000000
1869; 27.141012; 20.000000
1870; 27.041012; 20.000000
1871; 26.941011; 20.000000
1872; 26.841011; 20.000000
1873; 26.741011; 20.000000
1874; 26.641010; 20.000000
1875; 26.541010; 20.000000
1876; 26.441010; 20.000000
1877; 26.341009; 20.000000
1878; 26.241009; 20.000000
1879; 26.141008; 20.000000
1880; 26.041008; 20.000000
1881; 25.941008; 20.000000
1882; 25.841007; 20.000000
1883; 25.741007; 20.000000
1884; 25.641006; 20.000000
1885; 25.541006; 20.000000
1886; 25.441006; 20.000000
1887; 25.341005; 20.000000
1888; 25.241005; 20.000000
1889; 25.141005; 20.000000
1890; 25.041004; 20.000000
1891; 24.941004; 20.000000
1892; 24.841003; 20.000000
1893; 24.741003; 20.000000
1894; 24.641003; 20.000000
1895; 24.541002; 20.000000
1896; 24.441002; 20.000000
1897; 24.341002; 20.000000
1898; 24.241001; 20.000000
1899; 24.141001; 20.000000
1900; 24.041000; 20.000000
1901; 23.941000; 20.000000
1902; 23.841000; 20.000000
1903; 23.740999; 20.000000
1904; 23.640999; 20.000000
1905; 23.540998; 20.000000
1906; 23.440998; 20.000000
1907; 23.340998; 20.000000
1908; 23.240997; 20.000000
1909; 23.140997; 20.000000
1910; 23.040997; 20.000000
1911; 22.940996; 20.000000
1912; 22.840996; 20.000000
1913; 22.740995; 20.000000
1914; 22.640995; 20.000000
1915; 22.540995; 20.000000
1916; 22.440994; 20.000000
1917; 22.340994; 20.000000
1918; 22.240993; 20.000000
1919; 22.140993; 20.000000
1920; 22.040993; 20.000000
1921; 21.940992; 20.000000
1922; 21.840992; 20.000000
1923; 21.740992; 20.000000
1924; 21.640991; 20.000000
1925; 21.540991; 20.000000
1926; 21.440990; 20.000000
1927; 21.340990; 20.000000
1928; 21.240990; 20.000000
1929; 21.140989; 20.000000
1930; 21.040989; 20.000000
1931; 20.940989; 20.000000
1932; 20.840988; 20.000000
1933; 20.740988; 20.000000
1934; 20.640987; 20.000000
1935; 20.540987; 20.000000
1936; 20.440987; 20.000000
1937; 20.340986; 20.000000
1938; 20.240986; 20.000000
1939; 20.140985; 20.000000
1940; 20.040985; 20.000000
1941; 19.940985; 20.000000
1942; 19.840984; 20.000000
1943; 19.740984; 20.000000
1944; 19.640984; 20.000000
1945; 19.540983; 20.000000
1946; 19.440983; 20.000000
1947; 19.340982; 20.000000
1948; 19.240982; 20.000000
1949; 19.140982; 20.000000
1950; 19.040981; 20.000000
1951; 18.940981; 20.000000
1952; 18.840981; 20.000000
1953; 18.740980; 20.000000
1954; 18.640980; 20.000000
1955; 18.540979; 20.000000
1956; 18.440979; 20.000000
1957; 18.340979; 20.000000
1958; 18.240978; 20.000000
1959; 18.140978; 20.000000
1960; 18.040977; 20.000000
1961; 17.940977; 20.000000
1962; 17.840977; 20.000000
1963; 17.740976; 20.000000
1964; 17.640976; 20.000000
1965; 17.540976; 20.000000
1966; 17.440975; 20.000000
1967; 17.340975; 20.000000
1968; 17.240974; 20.000000
1969; 17.140974; 20.000000
1970; 17.040974; 20.000000
1971; 16.940973; 20.000000
1972; 16.840973; 20.000000
1973; 16.740973; 20.000000
1974; 16.640972; 20.000000
1975; 16.540972; 20.000000
1976; 16.440971; 20.000000
1977; 16.340971; 20.000000
1978; 16.240971; 20.000000
1979; 16.140970; 20.000000
1980; 16.040970; 20.000000
1981; 15.940969; 20.000000
1982; 15.840969; 20.000000
1983; 15.740969; 20.000000
1984; 15.640968; 20.000000
1985; 15.540968; 20.000000
1986; 15.440968; 20.000000
1987; 15.340967; 20.000000
1988; 15.240967; 20.000000
1989; 15.140966; 20.000000
1990; 15.040966; 20.000000
1991; 14.940966; 20.000000
1992; 14.840965; 20.000000
1993; 14.740965; 20.000000
1994; 14.640965; 20.000000
1995; 14.540964; 20.000000
1996; 14.440964; 20.000000
1997; 14.340963; 20.000000
1998; 14.240963; 20.000000
1999; 14.140963; 20.000000
2000; 14.040962; 20.000000
2001; 13.940962; 20.000000
2002; 13.840961; 25.000000
2003; 13.740961; 25.000000
2004; 13.640961; 25.000000
2005; 13.540960; 25.000000
2006; 13.440960; 25.000000
2007; 13.340960; 25.000000
2008; 13.240959; 25.000000
2009; 13.140959; 25.000000
2010; 13.040958; 25.000000
2011; 12.940958; 25.000000
2012; 12.840958; 25.000000
2013; 12.740957; 25.000000
2014; 12.640957; 25.000000
2015; 12.540956; 25.000000
2016; 12.440956; 25.000000
2017; 12.340956; 25.000000
2018; 12.240955; 25.000000
2019; 12.140955; 25.000000
2020; 12.040955; 25.000000
2021; 11.940954; 25.000000
2022; 11.840954; 25.000000
2023; 11.740953; 25.000000
2024; 11.640953; 25.000000
2025; 11.540953; 25.000000
2026; 11.440952; 25.000000
2027; 11.340952; 25.000000
2028; 11.240952; 25.000000
2029; 11.140951; 25.000000
2030; 11.040951; 25.000000
2031; 10.940950; 25.000000
2032; 10.840950; 30.000000
2033; 10.740950; 30.000000
2034; 10.640949; 30.000000
2035; 10.540949; 30.000000
2036; 10.440948; 30.000000
2037; 10.340948; 30.000000
2038; 10.240948; 30.000000
2039; 10.140947; 30.000000
2040; 10.040947; 30.000000
2041; 9.940947; 30.000000
2042; 9.840946; 30.000000
2043; 9.740946; 30.000000
2044; 9.640945; 30.000000
2045; 9.540945; 30.000000
2046; 9.440945; 30.000000
2047; 9.340944; 30.000000
2048; 9.240944; 30.000000
2049; 9.140944; 30.000000
2050; 9.040943; 30.000000
2051; 8.940943; 30.000000
2052; 8.840942; 30.000000
2053; 8.740942; 30.000000
2054; 8.640942; 30.000000
2055; 8.540941; 30.000000
2056; 8.440941; 30.000000
2057; 8.340940; 30.000000
2058; 8.240940; 30.000000
2059; 8.140940; 30.000000
2060; 8.040939; 30.000000
2061; 7.940939; 30.000000
2062; 7.840940; 30.000000
2063; 7.740940; 30.000000
2064; 7.640940; 30.000000
2065; 7.540940; 30.000000
2066; 7.440940; 30.000000
2067; 7.340940; 30.000000
2068; 7.240940; 30.000000
2069; 7.140940; 30.000000
2070; 7.040940; 30.000000
2071; 6.940940; 30.000000
2072; 6.840940; 30.000000
2073; 6.740941; 30.000000
2074; 6.640941; 30.000000
2075; 6.540941; 30.000000
2076; 6.440941; 30.000000
2077; 6.340941; 30.000000
2078; 6.240941; 35.000000
2079; 6.140941; 35.000000
2080; 6.040941; 35.000000
2081; 5.940941; 40.000000
2082; 5.840941; 40.000000
2083; 5.740942; 40.000000
2084; 5.640942; 40.000000
2085; 5.540942; 40.000000
2086; 5.440942; 40.000000
2087; 5.340942; 40.000000
2088; 5.240942; 40.000000
2089; 5.140942; 40.000000
2090; 5.040942; 40.000000
2091; 4.940942; 40.000000
2092; 4.840942; 40.000000
2093; 4.740942; 40.000000
2094; 4.640943; 40.000000
2095; 4.540943; 40.000000
2096; 4.440943; 40.000000
2097; 4.340943; 40.000000
2098; 4.240943; 40.000000
2099; 4.140943; 40.000000
2100; 4.040943; 40.000000
2101; 3.940943; 40.000000
2102; 3.840943; 40.000000
2103; 3.740943; 40.000000
2104; 3.640944; 40.000000
2105; 3.540944; 40.000000
2106; 3.440944; 40.000000
2107; 3.340944; 40.000000
2108; 3.240944; 40.000000
2109; 3.140944; 40.000000
2110; 3.040944; 40.000000
2111; 2.940944; 40.000000
2112; 2.840944; 40.000000
2113; 2.740944; 40.000000
2114; 2.640944; 40.000000
2115; 2.540945; 40.000000
2116; 2.440945; 40.000000
2117; 2.340945; 40.000000
2118; 2.240945; 40.000000
2119; 2.140945; 40.000000
2120; 2.040945; 40.000000
2121; 1.940945; 40.000000
2122; 1.840945; 40.000000
2123; 1.740945; 40.000000
2124; 1.640945; 40.000000
2125; 1.540945; 40.000000
2126; 1.440945; 40.000000
2127; 1.340945; 40.000000
2128; 1.240945; 40.000000
2129; 1.140945; 40.000000
2130; 1.040945; 40.000000
2131; 0.940945; 40.000000
2132; 0.840945; 40.000000
2133; 0.740945; 40.000000
2134; 0.640945; 40.000000
2135; 0.540945; 40.000000
2136; 0.440945; 40.000000
2137; 0.340945; 40.000000
2138; 0.240945; 40.000000
2139; 0.140945; 40.000000
2140; 0.040945; 40.000000
2141; -0.059055; 40.000000
